incurred_year_month,paid_year_month,plan_type,claim_type,plan_paid
01/31/2024,01/31/2024,HMO,IP,321823.00
01/31/2024,01/31/2024,HMO,Non-IP,1780727.03
01/31/2024,01/31/2024,PPO,IP,194862.55
01/31/2024,01/31/2024,PPO,Non-IP,1096114.97
01/31/2024,02/29/2024,HMO,IP,8118345.17
01/31/2024,02/29/2024,HMO,Non-IP,19229332.11
01/31/2024,02/29/2024,PPO,IP,4418649.19
01/31/2024,02/29/2024,PPO,Non-IP,12921865.59
01/31/2024,03/31/2024,HMO,IP,5870342.56
01/31/2024,03/31/2024,HMO,Non-IP,5530107.20
01/31/2024,03/31/2024,PPO,IP,3376872.73
01/31/2024,03/31/2024,PPO,Non-IP,4530987.73
01/31/2024,04/30/2024,HMO,IP,2463178.20
01/31/2024,04/30/2024,HMO,Non-IP,1535020.50
01/31/2024,04/30/2024,PPO,IP,1941212.01
01/31/2024,04/30/2024,PPO,Non-IP,1242665.26
01/31/2024,05/31/2024,HMO,IP,1726476.26
01/31/2024,05/31/2024,HMO,Non-IP,545043.26
01/31/2024,05/31/2024,PPO,IP,1811382.39
01/31/2024,05/31/2024,PPO,Non-IP,710189.42
01/31/2024,06/30/2024,HMO,IP,1211082.72
01/31/2024,06/30/2024,HMO,Non-IP,526402.59
01/31/2024,06/30/2024,PPO,IP,1076486.66
01/31/2024,06/30/2024,PPO,Non-IP,277833.93
01/31/2024,07/31/2024,HMO,IP,363509.82
01/31/2024,07/31/2024,HMO,Non-IP,534810.80
01/31/2024,07/31/2024,PPO,IP,420502.33
01/31/2024,07/31/2024,PPO,Non-IP,432604.19
01/31/2024,08/31/2024,HMO,IP,178389.24
01/31/2024,08/31/2024,HMO,Non-IP,410422.02
01/31/2024,08/31/2024,PPO,IP,361945.69
01/31/2024,08/31/2024,PPO,Non-IP,118300.36
01/31/2024,09/30/2024,HMO,IP,60944.35
01/31/2024,09/30/2024,HMO,Non-IP,83313.50
01/31/2024,09/30/2024,PPO,IP,315938.43
01/31/2024,09/30/2024,PPO,Non-IP,332995.60
01/31/2024,10/31/2024,HMO,IP,5257.95
01/31/2024,10/31/2024,HMO,Non-IP,11627.62
01/31/2024,10/31/2024,PPO,IP,619468.38
01/31/2024,10/31/2024,PPO,Non-IP,33396.16
01/31/2024,11/30/2024,HMO,IP,31867.18
01/31/2024,11/30/2024,HMO,Non-IP,340018.04
01/31/2024,11/30/2024,PPO,IP,19694.04
01/31/2024,11/30/2024,PPO,Non-IP,138568.38
02/29/2024,02/29/2024,HMO,IP,378400.58
02/29/2024,02/29/2024,HMO,Non-IP,2283318.07
02/29/2024,02/29/2024,PPO,IP,617602.16
02/29/2024,02/29/2024,PPO,Non-IP,994473.43
02/29/2024,03/31/2024,HMO,IP,8752537.96
02/29/2024,03/31/2024,HMO,Non-IP,17813245.85
02/29/2024,03/31/2024,PPO,IP,3665493.11
02/29/2024,03/31/2024,PPO,Non-IP,10490929.03
02/29/2024,04/30/2024,HMO,IP,5475625.87
02/29/2024,04/30/2024,HMO,Non-IP,5481055.45
02/29/2024,04/30/2024,PPO,IP,4317609.87
02/29/2024,04/30/2024,PPO,Non-IP,4272871.91
02/29/2024,05/31/2024,HMO,IP,1936165.74
02/29/2024,05/31/2024,HMO,Non-IP,1104558.24
02/29/2024,05/31/2024,PPO,IP,2798800.44
02/29/2024,05/31/2024,PPO,Non-IP,2568726.93
02/29/2024,06/30/2024,HMO,IP,1592276.74
02/29/2024,06/30/2024,HMO,Non-IP,1059316.92
02/29/2024,06/30/2024,PPO,IP,1366837.11
02/29/2024,06/30/2024,PPO,Non-IP,1793246.21
02/29/2024,07/31/2024,HMO,IP,1049089.25
02/29/2024,07/31/2024,HMO,Non-IP,742410.53
02/29/2024,07/31/2024,PPO,IP,722187.15
02/29/2024,07/31/2024,PPO,Non-IP,457350.28
02/29/2024,08/31/2024,HMO,IP,409064.14
02/29/2024,08/31/2024,HMO,Non-IP,466919.27
02/29/2024,08/31/2024,PPO,IP,555809.57
02/29/2024,08/31/2024,PPO,Non-IP,612361.07
02/29/2024,09/30/2024,HMO,IP,85531.76
02/29/2024,09/30/2024,HMO,Non-IP,283322.44
02/29/2024,09/30/2024,PPO,IP,294106.86
02/29/2024,09/30/2024,PPO,Non-IP,121888.08
02/29/2024,10/31/2024,HMO,IP,158799.86
02/29/2024,10/31/2024,HMO,Non-IP,423059.19
02/29/2024,10/31/2024,PPO,IP,22191.87
02/29/2024,10/31/2024,PPO,Non-IP,225561.50
02/29/2024,11/30/2024,HMO,IP,333500.94
02/29/2024,11/30/2024,HMO,Non-IP,216828.78
02/29/2024,11/30/2024,PPO,IP,60325.36
02/29/2024,11/30/2024,PPO,Non-IP,98631.35
02/29/2024,12/31/2024,HMO,IP,41095.24
02/29/2024,12/31/2024,HMO,Non-IP,444097.38
02/29/2024,12/31/2024,PPO,IP,37099.70
02/29/2024,12/31/2024,PPO,Non-IP,51055.02
03/31/2024,03/31/2024,HMO,IP,378896.82
03/31/2024,03/31/2024,HMO,Non-IP,1516968.47
03/31/2024,03/31/2024,PPO,IP,640095.03
03/31/2024,03/31/2024,PPO,Non-IP,341072.58
03/31/2024,04/30/2024,HMO,IP,5414178.53
03/31/2024,04/30/2024,HMO,Non-IP,20112578.65
03/31/2024,04/30/2024,PPO,IP,3549593.00
03/31/2024,04/30/2024,PPO,Non-IP,11970568.27
03/31/2024,05/31/2024,HMO,IP,4964790.83
03/31/2024,05/31/2024,HMO,Non-IP,4825162.39
03/31/2024,05/31/2024,PPO,IP,3730657.74
03/31/2024,05/31/2024,PPO,Non-IP,4182942.93
03/31/2024,06/30/2024,HMO,IP,5729828.96
03/31/2024,06/30/2024,HMO,Non-IP,1079054.24
03/31/2024,06/30/2024,PPO,IP,2882327.39
03/31/2024,06/30/2024,PPO,Non-IP,2056014.06
03/31/2024,07/31/2024,HMO,IP,1264012.50
03/31/2024,07/31/2024,HMO,Non-IP,899676.78
03/31/2024,07/31/2024,PPO,IP,1402957.33
03/31/2024,07/31/2024,PPO,Non-IP,573313.96
03/31/2024,08/31/2024,HMO,IP,416182.30
03/31/2024,08/31/2024,HMO,Non-IP,514974.12
03/31/2024,08/31/2024,PPO,IP,1128830.73
03/31/2024,08/31/2024,PPO,Non-IP,533528.35
03/31/2024,09/30/2024,HMO,IP,1814189.55
03/31/2024,09/30/2024,HMO,Non-IP,762952.29
03/31/2024,09/30/2024,PPO,IP,265842.54
03/31/2024,09/30/2024,PPO,Non-IP,274455.52
03/31/2024,10/31/2024,HMO,IP,77817.69
03/31/2024,10/31/2024,HMO,Non-IP,328762.32
03/31/2024,10/31/2024,PPO,IP,356110.26
03/31/2024,10/31/2024,PPO,Non-IP,655488.64
03/31/2024,11/30/2024,HMO,IP,50853.91
03/31/2024,11/30/2024,HMO,Non-IP,148260.25
03/31/2024,11/30/2024,PPO,IP,181917.82
03/31/2024,11/30/2024,PPO,Non-IP,637008.82
03/31/2024,12/31/2024,HMO,IP,7789.34
03/31/2024,12/31/2024,HMO,Non-IP,3162.16
03/31/2024,12/31/2024,PPO,IP,126384.76
03/31/2024,12/31/2024,PPO,Non-IP,202912.34
03/31/2024,01/31/2025,HMO,IP,14772.28
03/31/2024,01/31/2025,HMO,Non-IP,8417.37
03/31/2024,01/31/2025,PPO,IP,136611.26
03/31/2024,01/31/2025,PPO,Non-IP,174686.34
04/30/2024,04/30/2024,HMO,IP,477750.64
04/30/2024,04/30/2024,HMO,Non-IP,1600730.31
04/30/2024,04/30/2024,PPO,IP,260499.51
04/30/2024,04/30/2024,PPO,Non-IP,1831598.86
04/30/2024,05/31/2024,HMO,IP,7024047.75
04/30/2024,05/31/2024,HMO,Non-IP,16378819.07
04/30/2024,05/31/2024,PPO,IP,3685527.48
04/30/2024,05/31/2024,PPO,Non-IP,11635304.36
04/30/2024,06/30/2024,HMO,IP,5318771.46
04/30/2024,06/30/2024,HMO,Non-IP,5551452.06
04/30/2024,06/30/2024,PPO,IP,3530816.73
04/30/2024,06/30/2024,PPO,Non-IP,3221395.67
04/30/2024,07/31/2024,HMO,IP,2570064.69
04/30/2024,07/31/2024,HMO,Non-IP,1878947.09
04/30/2024,07/31/2024,PPO,IP,1511374.72
04/30/2024,07/31/2024,PPO,Non-IP,1122626.99
04/30/2024,08/31/2024,HMO,IP,1710057.67
04/30/2024,08/31/2024,HMO,Non-IP,1154069.15
04/30/2024,08/31/2024,PPO,IP,1761733.18
04/30/2024,08/31/2024,PPO,Non-IP,1244493.07
04/30/2024,09/30/2024,HMO,IP,1106283.05
04/30/2024,09/30/2024,HMO,Non-IP,165672.47
04/30/2024,09/30/2024,PPO,IP,501189.32
04/30/2024,09/30/2024,PPO,Non-IP,703913.15
04/30/2024,10/31/2024,HMO,IP,440244.11
04/30/2024,10/31/2024,HMO,Non-IP,559467.44
04/30/2024,10/31/2024,PPO,IP,706311.50
04/30/2024,10/31/2024,PPO,Non-IP,100406.48
04/30/2024,11/30/2024,HMO,IP,118993.80
04/30/2024,11/30/2024,HMO,Non-IP,704515.19
04/30/2024,11/30/2024,PPO,IP,609006.29
04/30/2024,11/30/2024,PPO,Non-IP,197554.83
04/30/2024,12/31/2024,HMO,IP,168503.58
04/30/2024,12/31/2024,HMO,Non-IP,332705.43
04/30/2024,12/31/2024,PPO,IP,383839.96
04/30/2024,12/31/2024,PPO,Non-IP,86945.45
04/30/2024,01/31/2025,HMO,IP,236470.61
04/30/2024,01/31/2025,HMO,Non-IP,162294.52
04/30/2024,01/31/2025,PPO,IP,755637.60
04/30/2024,01/31/2025,PPO,Non-IP,264074.51
04/30/2024,02/28/2025,HMO,IP,24205.17
04/30/2024,02/28/2025,HMO,Non-IP,304416.07
04/30/2024,02/28/2025,PPO,IP,24468.72
04/30/2024,02/28/2025,PPO,Non-IP,187294.12
05/31/2024,05/31/2024,HMO,IP,628134.98
05/31/2024,05/31/2024,HMO,Non-IP,3000770.01
05/31/2024,05/31/2024,PPO,IP,281460.19
05/31/2024,05/31/2024,PPO,Non-IP,544429.00
05/31/2024,06/30/2024,HMO,IP,6781347.44
05/31/2024,06/30/2024,HMO,Non-IP,16265477.00
05/31/2024,06/30/2024,PPO,IP,4954269.63
05/31/2024,06/30/2024,PPO,Non-IP,10045023.49
05/31/2024,07/31/2024,HMO,IP,5298986.16
05/31/2024,07/31/2024,HMO,Non-IP,3660351.71
05/31/2024,07/31/2024,PPO,IP,2498240.20
05/31/2024,07/31/2024,PPO,Non-IP,4136726.05
05/31/2024,08/31/2024,HMO,IP,3783856.16
05/31/2024,08/31/2024,HMO,Non-IP,1518992.43
05/31/2024,08/31/2024,PPO,IP,1903419.30
05/31/2024,08/31/2024,PPO,Non-IP,2463914.80
05/31/2024,09/30/2024,HMO,IP,964473.96
05/31/2024,09/30/2024,HMO,Non-IP,1945531.05
05/31/2024,09/30/2024,PPO,IP,1302154.91
05/31/2024,09/30/2024,PPO,Non-IP,1198163.98
05/31/2024,10/31/2024,HMO,IP,255946.64
05/31/2024,10/31/2024,HMO,Non-IP,832522.32
05/31/2024,10/31/2024,PPO,IP,864769.44
05/31/2024,10/31/2024,PPO,Non-IP,531882.49
05/31/2024,11/30/2024,HMO,IP,855473.65
05/31/2024,11/30/2024,HMO,Non-IP,526217.04
05/31/2024,11/30/2024,PPO,IP,1224122.26
05/31/2024,11/30/2024,PPO,Non-IP,691024.83
05/31/2024,12/31/2024,HMO,IP,291686.68
05/31/2024,12/31/2024,HMO,Non-IP,19052.18
05/31/2024,12/31/2024,PPO,IP,318907.98
05/31/2024,12/31/2024,PPO,Non-IP,559299.26
05/31/2024,01/31/2025,HMO,IP,344406.69
05/31/2024,01/31/2025,HMO,Non-IP,62867.67
05/31/2024,01/31/2025,PPO,IP,105277.31
05/31/2024,01/31/2025,PPO,Non-IP,172771.09
05/31/2024,02/28/2025,HMO,IP,3761.84
05/31/2024,02/28/2025,HMO,Non-IP,846876.46
05/31/2024,02/28/2025,PPO,IP,150644.44
05/31/2024,02/28/2025,PPO,Non-IP,160675.98
05/31/2024,03/31/2025,HMO,IP,10721.80
05/31/2024,03/31/2025,HMO,Non-IP,149536.15
05/31/2024,03/31/2025,PPO,IP,144230.25
05/31/2024,03/31/2025,PPO,Non-IP,117332.89
06/30/2024,06/30/2024,HMO,IP,422289.81
06/30/2024,06/30/2024,HMO,Non-IP,3722965.55
06/30/2024,06/30/2024,PPO,IP,338464.32
06/30/2024,06/30/2024,PPO,Non-IP,1126349.73
06/30/2024,07/31/2024,HMO,IP,6562056.34
06/30/2024,07/31/2024,HMO,Non-IP,15722893.52
06/30/2024,07/31/2024,PPO,IP,4641596.06
06/30/2024,07/31/2024,PPO,Non-IP,10243164.60
06/30/2024,08/31/2024,HMO,IP,5327759.43
06/30/2024,08/31/2024,HMO,Non-IP,3372719.87
06/30/2024,08/31/2024,PPO,IP,3925605.87
06/30/2024,08/31/2024,PPO,Non-IP,5227054.98
06/30/2024,09/30/2024,HMO,IP,2838024.32
06/30/2024,09/30/2024,HMO,Non-IP,1668271.94
06/30/2024,09/30/2024,PPO,IP,1715194.56
06/30/2024,09/30/2024,PPO,Non-IP,1408170.63
06/30/2024,10/31/2024,HMO,IP,1583804.86
06/30/2024,10/31/2024,HMO,Non-IP,1281871.17
06/30/2024,10/31/2024,PPO,IP,1200637.99
06/30/2024,10/31/2024,PPO,Non-IP,587665.72
06/30/2024,11/30/2024,HMO,IP,1231576.28
06/30/2024,11/30/2024,HMO,Non-IP,894716.04
06/30/2024,11/30/2024,PPO,IP,278512.56
06/30/2024,11/30/2024,PPO,Non-IP,322501.83
06/30/2024,12/31/2024,HMO,IP,379558.10
06/30/2024,12/31/2024,HMO,Non-IP,641725.82
06/30/2024,12/31/2024,PPO,IP,216289.54
06/30/2024,12/31/2024,PPO,Non-IP,504578.31
06/30/2024,01/31/2025,HMO,IP,32103.25
06/30/2024,01/31/2025,HMO,Non-IP,74677.33
06/30/2024,01/31/2025,PPO,IP,427029.24
06/30/2024,01/31/2025,PPO,Non-IP,128874.11
06/30/2024,02/28/2025,HMO,IP,72741.24
06/30/2024,02/28/2025,HMO,Non-IP,473993.27
06/30/2024,02/28/2025,PPO,IP,227648.20
06/30/2024,02/28/2025,PPO,Non-IP,267793.14
06/30/2024,03/31/2025,HMO,IP,124183.76
06/30/2024,03/31/2025,HMO,Non-IP,69997.82
06/30/2024,03/31/2025,PPO,IP,234330.86
06/30/2024,03/31/2025,PPO,Non-IP,48302.37
06/30/2024,04/30/2025,HMO,IP,42244.50
06/30/2024,04/30/2025,HMO,Non-IP,680.52
06/30/2024,04/30/2025,PPO,IP,110996.67
06/30/2024,04/30/2025,PPO,Non-IP,110003.40
07/31/2024,07/31/2024,HMO,IP,529227.56
07/31/2024,07/31/2024,HMO,Non-IP,1141965.37
07/31/2024,07/31/2024,PPO,IP,60643.96
07/31/2024,07/31/2024,PPO,Non-IP,831921.09
07/31/2024,08/31/2024,HMO,IP,6076109.62
07/31/2024,08/31/2024,HMO,Non-IP,17002260.64
07/31/2024,08/31/2024,PPO,IP,3770476.72
07/31/2024,08/31/2024,PPO,Non-IP,10337909.00
07/31/2024,09/30/2024,HMO,IP,5801546.49
07/31/2024,09/30/2024,HMO,Non-IP,5845072.43
07/31/2024,09/30/2024,PPO,IP,4103784.22
07/31/2024,09/30/2024,PPO,Non-IP,2774932.95
07/31/2024,10/31/2024,HMO,IP,2328956.39
07/31/2024,10/31/2024,HMO,Non-IP,876967.51
07/31/2024,10/31/2024,PPO,IP,1920860.42
07/31/2024,10/31/2024,PPO,Non-IP,2637287.91
07/31/2024,11/30/2024,HMO,IP,1168095.38
07/31/2024,11/30/2024,HMO,Non-IP,742657.67
07/31/2024,11/30/2024,PPO,IP,847370.02
07/31/2024,11/30/2024,PPO,Non-IP,785881.75
07/31/2024,12/31/2024,HMO,IP,1084014.84
07/31/2024,12/31/2024,HMO,Non-IP,472678.69
07/31/2024,12/31/2024,PPO,IP,545982.61
07/31/2024,12/31/2024,PPO,Non-IP,692581.08
07/31/2024,01/31/2025,HMO,IP,198560.93
07/31/2024,01/31/2025,HMO,Non-IP,548991.23
07/31/2024,01/31/2025,PPO,IP,844497.02
07/31/2024,01/31/2025,PPO,Non-IP,195178.84
07/31/2024,02/28/2025,HMO,IP,244410.21
07/31/2024,02/28/2025,HMO,Non-IP,341312.04
07/31/2024,02/28/2025,PPO,IP,24595.13
07/31/2024,02/28/2025,PPO,Non-IP,268575.98
07/31/2024,03/31/2025,HMO,IP,713152.86
07/31/2024,03/31/2025,HMO,Non-IP,252996.69
07/31/2024,03/31/2025,PPO,IP,924244.64
07/31/2024,03/31/2025,PPO,Non-IP,563378.44
07/31/2024,04/30/2025,HMO,IP,36666.11
07/31/2024,04/30/2025,HMO,Non-IP,166739.31
07/31/2024,04/30/2025,PPO,IP,9236.96
07/31/2024,04/30/2025,PPO,Non-IP,440428.78
07/31/2024,05/31/2025,HMO,IP,174778.96
07/31/2024,05/31/2025,HMO,Non-IP,141637.44
07/31/2024,05/31/2025,PPO,IP,78248.03
07/31/2024,05/31/2025,PPO,Non-IP,166833.81
08/31/2024,08/31/2024,HMO,IP,603749.72
08/31/2024,08/31/2024,HMO,Non-IP,2132393.50
08/31/2024,08/31/2024,PPO,IP,193244.64
08/31/2024,08/31/2024,PPO,Non-IP,1076431.08
08/31/2024,09/30/2024,HMO,IP,6673459.28
08/31/2024,09/30/2024,HMO,Non-IP,16241667.56
08/31/2024,09/30/2024,PPO,IP,3857548.60
08/31/2024,09/30/2024,PPO,Non-IP,9227009.22
08/31/2024,10/31/2024,HMO,IP,5407974.99
08/31/2024,10/31/2024,HMO,Non-IP,5242329.51
08/31/2024,10/31/2024,PPO,IP,3453095.39
08/31/2024,10/31/2024,PPO,Non-IP,3880507.87
08/31/2024,11/30/2024,HMO,IP,2725606.46
08/31/2024,11/30/2024,HMO,Non-IP,1331251.23
08/31/2024,11/30/2024,PPO,IP,1648028.73
08/31/2024,11/30/2024,PPO,Non-IP,2092869.71
08/31/2024,12/31/2024,HMO,IP,782889.33
08/31/2024,12/31/2024,HMO,Non-IP,716742.63
08/31/2024,12/31/2024,PPO,IP,1417361.29
08/31/2024,12/31/2024,PPO,Non-IP,705010.93
08/31/2024,01/31/2025,HMO,IP,1177686.90
08/31/2024,01/31/2025,HMO,Non-IP,480342.53
08/31/2024,01/31/2025,PPO,IP,1000307.66
08/31/2024,01/31/2025,PPO,Non-IP,801879.40
08/31/2024,02/28/2025,HMO,IP,58698.84
08/31/2024,02/28/2025,HMO,Non-IP,890379.60
08/31/2024,02/28/2025,PPO,IP,704932.90
08/31/2024,02/28/2025,PPO,Non-IP,706171.05
08/31/2024,03/31/2025,HMO,IP,302443.83
08/31/2024,03/31/2025,HMO,Non-IP,141108.20
08/31/2024,03/31/2025,PPO,IP,292383.13
08/31/2024,03/31/2025,PPO,Non-IP,362550.31
08/31/2024,04/30/2025,HMO,IP,36546.49
08/31/2024,04/30/2025,HMO,Non-IP,97362.68
08/31/2024,04/30/2025,PPO,IP,73225.52
08/31/2024,04/30/2025,PPO,Non-IP,346420.37
08/31/2024,05/31/2025,HMO,IP,51466.19
08/31/2024,05/31/2025,HMO,Non-IP,2613.20
08/31/2024,05/31/2025,PPO,IP,282347.51
08/31/2024,05/31/2025,PPO,Non-IP,9998.70
08/31/2024,06/30/2025,HMO,IP,363893.14
08/31/2024,06/30/2025,HMO,Non-IP,432.07
08/31/2024,06/30/2025,PPO,IP,85162.14
08/31/2024,06/30/2025,PPO,Non-IP,302607.64
09/30/2024,09/30/2024,HMO,IP,119439.50
09/30/2024,09/30/2024,HMO,Non-IP,2053333.35
09/30/2024,09/30/2024,PPO,IP,89648.41
09/30/2024,09/30/2024,PPO,Non-IP,1125373.07
09/30/2024,10/31/2024,HMO,IP,7586931.24
09/30/2024,10/31/2024,HMO,Non-IP,15364207.94
09/30/2024,10/31/2024,PPO,IP,3707967.70
09/30/2024,10/31/2024,PPO,Non-IP,10535301.28
09/30/2024,11/30/2024,HMO,IP,5519810.22
09/30/2024,11/30/2024,HMO,Non-IP,6862075.78
09/30/2024,11/30/2024,PPO,IP,4075967.48
09/30/2024,11/30/2024,PPO,Non-IP,3914347.83
09/30/2024,12/31/2024,HMO,IP,2158430.01
09/30/2024,12/31/2024,HMO,Non-IP,1857414.35
09/30/2024,12/31/2024,PPO,IP,1381256.75
09/30/2024,12/31/2024,PPO,Non-IP,1963554.89
09/30/2024,01/31/2025,HMO,IP,1288377.48
09/30/2024,01/31/2025,HMO,Non-IP,972680.24
09/30/2024,01/31/2025,PPO,IP,1717088.96
09/30/2024,01/31/2025,PPO,Non-IP,1136408.27
09/30/2024,02/28/2025,HMO,IP,1421316.96
09/30/2024,02/28/2025,HMO,Non-IP,347841.72
09/30/2024,02/28/2025,PPO,IP,1218879.69
09/30/2024,02/28/2025,PPO,Non-IP,325656.45
09/30/2024,03/31/2025,HMO,IP,810594.08
09/30/2024,03/31/2025,HMO,Non-IP,393816.43
09/30/2024,03/31/2025,PPO,IP,327128.86
09/30/2024,03/31/2025,PPO,Non-IP,988953.82
09/30/2024,04/30/2025,HMO,IP,321351.64
09/30/2024,04/30/2025,HMO,Non-IP,218845.63
09/30/2024,04/30/2025,PPO,IP,390348.34
09/30/2024,04/30/2025,PPO,Non-IP,346680.63
09/30/2024,05/31/2025,HMO,IP,93803.32
09/30/2024,05/31/2025,HMO,Non-IP,702361.29
09/30/2024,05/31/2025,PPO,IP,566890.03
09/30/2024,05/31/2025,PPO,Non-IP,173702.29
09/30/2024,06/30/2025,HMO,IP,46432.55
09/30/2024,06/30/2025,HMO,Non-IP,12548.79
09/30/2024,06/30/2025,PPO,IP,148055.22
09/30/2024,06/30/2025,PPO,Non-IP,110408.77
09/30/2024,07/31/2025,HMO,IP,1242.44
09/30/2024,07/31/2025,HMO,Non-IP,266468.63
09/30/2024,07/31/2025,PPO,IP,230646.18
09/30/2024,07/31/2025,PPO,Non-IP,160429.11
10/31/2024,10/31/2024,HMO,IP,408272.29
10/31/2024,10/31/2024,HMO,Non-IP,2352742.36
10/31/2024,10/31/2024,PPO,IP,263384.24
10/31/2024,10/31/2024,PPO,Non-IP,755329.22
10/31/2024,11/30/2024,HMO,IP,5785441.16
10/31/2024,11/30/2024,HMO,Non-IP,19722929.58
10/31/2024,11/30/2024,PPO,IP,4643957.24
10/31/2024,11/30/2024,PPO,Non-IP,9617859.82
10/31/2024,12/31/2024,HMO,IP,6775312.39
10/31/2024,12/31/2024,HMO,Non-IP,3534425.24
10/31/2024,12/31/2024,PPO,IP,4280111.16
10/31/2024,12/31/2024,PPO,Non-IP,4479469.71
10/31/2024,01/31/2025,HMO,IP,2616908.34
10/31/2024,01/31/2025,HMO,Non-IP,1292023.59
10/31/2024,01/31/2025,PPO,IP,1861523.63
10/31/2024,01/31/2025,PPO,Non-IP,2800162.66
10/31/2024,02/28/2025,HMO,IP,1514592.96
10/31/2024,02/28/2025,HMO,Non-IP,1016655.76
10/31/2024,02/28/2025,PPO,IP,930168.94
10/31/2024,02/28/2025,PPO,Non-IP,2106926.99
10/31/2024,03/31/2025,HMO,IP,871434.82
10/31/2024,03/31/2025,HMO,Non-IP,485878.43
10/31/2024,03/31/2025,PPO,IP,1464155.66
10/31/2024,03/31/2025,PPO,Non-IP,306117.89
10/31/2024,04/30/2025,HMO,IP,645406.01
10/31/2024,04/30/2025,HMO,Non-IP,126183.64
10/31/2024,04/30/2025,PPO,IP,105239.34
10/31/2024,04/30/2025,PPO,Non-IP,265020.23
10/31/2024,05/31/2025,HMO,IP,458122.16
10/31/2024,05/31/2025,HMO,Non-IP,136330.84
10/31/2024,05/31/2025,PPO,IP,184635.69
10/31/2024,05/31/2025,PPO,Non-IP,373510.05
10/31/2024,06/30/2025,HMO,IP,122775.90
10/31/2024,06/30/2025,HMO,Non-IP,207993.01
10/31/2024,06/30/2025,PPO,IP,190353.59
10/31/2024,06/30/2025,PPO,Non-IP,91196.66
10/31/2024,07/31/2025,HMO,IP,526405.27
10/31/2024,07/31/2025,HMO,Non-IP,695919.80
10/31/2024,07/31/2025,PPO,IP,137418.62
10/31/2024,07/31/2025,PPO,Non-IP,363433.64
10/31/2024,08/31/2025,HMO,IP,19116.27
10/31/2024,08/31/2025,HMO,Non-IP,44599.11
10/31/2024,08/31/2025,PPO,IP,62012.98
10/31/2024,08/31/2025,PPO,Non-IP,25414.77
11/30/2024,11/30/2024,HMO,IP,135478.21
11/30/2024,11/30/2024,HMO,Non-IP,2292355.94
11/30/2024,11/30/2024,PPO,IP,107960.78
11/30/2024,11/30/2024,PPO,Non-IP,1306462.13
11/30/2024,12/31/2024,HMO,IP,6476189.84
11/30/2024,12/31/2024,HMO,Non-IP,19931610.27
11/30/2024,12/31/2024,PPO,IP,4688613.78
11/30/2024,12/31/2024,PPO,Non-IP,11684551.85
11/30/2024,01/31/2025,HMO,IP,5175857.78
11/30/2024,01/31/2025,HMO,Non-IP,5626433.56
11/30/2024,01/31/2025,PPO,IP,3880343.99
11/30/2024,01/31/2025,PPO,Non-IP,4415709.42
11/30/2024,02/28/2025,HMO,IP,5023115.41
11/30/2024,02/28/2025,HMO,Non-IP,2046787.11
11/30/2024,02/28/2025,PPO,IP,3120784.14
11/30/2024,02/28/2025,PPO,Non-IP,2056054.32
11/30/2024,03/31/2025,HMO,IP,1927197.83
11/30/2024,03/31/2025,HMO,Non-IP,1227947.17
11/30/2024,03/31/2025,PPO,IP,1250457.85
11/30/2024,03/31/2025,PPO,Non-IP,833954.20
11/30/2024,04/30/2025,HMO,IP,1049836.37
11/30/2024,04/30/2025,HMO,Non-IP,236175.95
11/30/2024,04/30/2025,PPO,IP,988619.93
11/30/2024,04/30/2025,PPO,Non-IP,1117626.38
11/30/2024,05/31/2025,HMO,IP,753421.66
11/30/2024,05/31/2025,HMO,Non-IP,560967.68
11/30/2024,05/31/2025,PPO,IP,328689.88
11/30/2024,05/31/2025,PPO,Non-IP,906612.59
11/30/2024,06/30/2025,HMO,IP,869912.03
11/30/2024,06/30/2025,HMO,Non-IP,117011.23
11/30/2024,06/30/2025,PPO,IP,673453.69
11/30/2024,06/30/2025,PPO,Non-IP,343040.81
11/30/2024,07/31/2025,HMO,IP,129869.04
11/30/2024,07/31/2025,HMO,Non-IP,80246.01
11/30/2024,07/31/2025,PPO,IP,67622.33
11/30/2024,07/31/2025,PPO,Non-IP,182549.61
11/30/2024,08/31/2025,HMO,IP,30473.36
11/30/2024,08/31/2025,HMO,Non-IP,232953.59
11/30/2024,08/31/2025,PPO,IP,277142.17
11/30/2024,08/31/2025,PPO,Non-IP,263761.89
11/30/2024,09/30/2025,HMO,IP,1454.01
11/30/2024,09/30/2025,HMO,Non-IP,6719.81
11/30/2024,09/30/2025,PPO,IP,47449.02
11/30/2024,09/30/2025,PPO,Non-IP,36383.12
12/31/2024,12/31/2024,HMO,IP,593617.54
12/31/2024,12/31/2024,HMO,Non-IP,1927413.18
12/31/2024,12/31/2024,PPO,IP,313115.53
12/31/2024,12/31/2024,PPO,Non-IP,1857229.13
12/31/2024,01/31/2025,HMO,IP,8613222.96
12/31/2024,01/31/2025,HMO,Non-IP,19172948.61
12/31/2024,01/31/2025,PPO,IP,4071225.30
12/31/2024,01/31/2025,PPO,Non-IP,11980233.49
12/31/2024,02/28/2025,HMO,IP,6836098.79
12/31/2024,02/28/2025,HMO,Non-IP,6557492.24
12/31/2024,02/28/2025,PPO,IP,3124551.13
12/31/2024,02/28/2025,PPO,Non-IP,4485655.76
12/31/2024,03/31/2025,HMO,IP,2317033.45
12/31/2024,03/31/2025,HMO,Non-IP,1976208.79
12/31/2024,03/31/2025,PPO,IP,3483045.09
12/31/2024,03/31/2025,PPO,Non-IP,1493848.02
12/31/2024,04/30/2025,HMO,IP,1413645.72
12/31/2024,04/30/2025,HMO,Non-IP,1293584.31
12/31/2024,04/30/2025,PPO,IP,1744734.99
12/31/2024,04/30/2025,PPO,Non-IP,1784062.38
12/31/2024,05/31/2025,HMO,IP,611844.04
12/31/2024,05/31/2025,HMO,Non-IP,727244.51
12/31/2024,05/31/2025,PPO,IP,849751.70
12/31/2024,05/31/2025,PPO,Non-IP,485923.12
12/31/2024,06/30/2025,HMO,IP,611664.16
12/31/2024,06/30/2025,HMO,Non-IP,264886.98
12/31/2024,06/30/2025,PPO,IP,581370.55
12/31/2024,06/30/2025,PPO,Non-IP,613224.66
12/31/2024,07/31/2025,HMO,IP,186503.82
12/31/2024,07/31/2025,HMO,Non-IP,439223.24
12/31/2024,07/31/2025,PPO,IP,645162.65
12/31/2024,07/31/2025,PPO,Non-IP,407012.61
12/31/2024,08/31/2025,HMO,IP,148823.32
12/31/2024,08/31/2025,HMO,Non-IP,404233.17
12/31/2024,08/31/2025,PPO,IP,456048.43
12/31/2024,08/31/2025,PPO,Non-IP,203500.06
12/31/2024,09/30/2025,HMO,IP,512265.34
12/31/2024,09/30/2025,HMO,Non-IP,154096.44
12/31/2024,09/30/2025,PPO,IP,139805.06
12/31/2024,09/30/2025,PPO,Non-IP,17027.77
12/31/2024,10/31/2025,HMO,IP,106359.63
12/31/2024,10/31/2025,HMO,Non-IP,9286.66
12/31/2024,10/31/2025,PPO,IP,292770.59
12/31/2024,10/31/2025,PPO,Non-IP,224654.52
01/31/2025,01/31/2025,HMO,IP,508973.81
01/31/2025,01/31/2025,HMO,Non-IP,1450671.41
01/31/2025,01/31/2025,PPO,IP,220477.72
01/31/2025,01/31/2025,PPO,Non-IP,1171425.63
01/31/2025,02/28/2025,HMO,IP,6786019.26
01/31/2025,02/28/2025,HMO,Non-IP,19007409.23
01/31/2025,02/28/2025,PPO,IP,4522693.63
01/31/2025,02/28/2025,PPO,Non-IP,14336618.83
01/31/2025,03/31/2025,HMO,IP,6363397.74
01/31/2025,03/31/2025,HMO,Non-IP,6562500.37
01/31/2025,03/31/2025,PPO,IP,3801481.35
01/31/2025,03/31/2025,PPO,Non-IP,3544848.86
01/31/2025,04/30/2025,HMO,IP,3160151.80
01/31/2025,04/30/2025,HMO,Non-IP,2043607.72
01/31/2025,04/30/2025,PPO,IP,3542620.88
01/31/2025,04/30/2025,PPO,Non-IP,1753968.41
01/31/2025,05/31/2025,HMO,IP,2211141.03
01/31/2025,05/31/2025,HMO,Non-IP,1254972.39
01/31/2025,05/31/2025,PPO,IP,604269.94
01/31/2025,05/31/2025,PPO,Non-IP,602653.48
01/31/2025,06/30/2025,HMO,IP,1162591.75
01/31/2025,06/30/2025,HMO,Non-IP,463388.36
01/31/2025,06/30/2025,PPO,IP,859395.54
01/31/2025,06/30/2025,PPO,Non-IP,414942.91
01/31/2025,07/31/2025,HMO,IP,685155.86
01/31/2025,07/31/2025,HMO,Non-IP,350809.78
01/31/2025,07/31/2025,PPO,IP,700804.62
01/31/2025,07/31/2025,PPO,Non-IP,1246643.52
01/31/2025,08/31/2025,HMO,IP,398547.10
01/31/2025,08/31/2025,HMO,Non-IP,905194.29
01/31/2025,08/31/2025,PPO,IP,608889.23
01/31/2025,08/31/2025,PPO,Non-IP,228435.03
01/31/2025,09/30/2025,HMO,IP,224924.21
01/31/2025,09/30/2025,HMO,Non-IP,111018.22
01/31/2025,09/30/2025,PPO,IP,288773.78
01/31/2025,09/30/2025,PPO,Non-IP,12719.96
01/31/2025,10/31/2025,HMO,IP,70502.98
01/31/2025,10/31/2025,HMO,Non-IP,307797.74
01/31/2025,10/31/2025,PPO,IP,224089.10
01/31/2025,10/31/2025,PPO,Non-IP,36097.41
01/31/2025,11/30/2025,HMO,IP,194622.56
01/31/2025,11/30/2025,HMO,Non-IP,191672.66
01/31/2025,11/30/2025,PPO,IP,195867.79
01/31/2025,11/30/2025,PPO,Non-IP,5691.34
02/28/2025,02/28/2025,HMO,IP,809292.68
02/28/2025,02/28/2025,HMO,Non-IP,1744094.63
02/28/2025,02/28/2025,PPO,IP,580988.47
02/28/2025,02/28/2025,PPO,Non-IP,1801140.01
02/28/2025,03/31/2025,HMO,IP,6712587.71
02/28/2025,03/31/2025,HMO,Non-IP,20762992.13
02/28/2025,03/31/2025,PPO,IP,5021452.11
02/28/2025,03/31/2025,PPO,Non-IP,12388127.38
02/28/2025,04/30/2025,HMO,IP,5560089.40
02/28/2025,04/30/2025,HMO,Non-IP,6012864.58
02/28/2025,04/30/2025,PPO,IP,4179638.55
02/28/2025,04/30/2025,PPO,Non-IP,3901718.58
02/28/2025,05/31/2025,HMO,IP,3575495.60
02/28/2025,05/31/2025,HMO,Non-IP,1665481.27
02/28/2025,05/31/2025,PPO,IP,1984854.46
02/28/2025,05/31/2025,PPO,Non-IP,1678641.77
02/28/2025,06/30/2025,HMO,IP,1668224.90
02/28/2025,06/30/2025,HMO,Non-IP,783531.19
02/28/2025,06/30/2025,PPO,IP,1536103.96
02/28/2025,06/30/2025,PPO,Non-IP,1431389.64
02/28/2025,07/31/2025,HMO,IP,1496112.47
02/28/2025,07/31/2025,HMO,Non-IP,974639.41
02/28/2025,07/31/2025,PPO,IP,498979.90
02/28/2025,07/31/2025,PPO,Non-IP,389417.84
02/28/2025,08/31/2025,HMO,IP,1474518.66
02/28/2025,08/31/2025,HMO,Non-IP,320969.15
02/28/2025,08/31/2025,PPO,IP,564100.00
02/28/2025,08/31/2025,PPO,Non-IP,318576.89
02/28/2025,09/30/2025,HMO,IP,222662.57
02/28/2025,09/30/2025,HMO,Non-IP,134907.00
02/28/2025,09/30/2025,PPO,IP,176069.41
02/28/2025,09/30/2025,PPO,Non-IP,454564.44
02/28/2025,10/31/2025,HMO,IP,29410.35
02/28/2025,10/31/2025,HMO,Non-IP,16725.65
02/28/2025,10/31/2025,PPO,IP,370258.14
02/28/2025,10/31/2025,PPO,Non-IP,601349.88
02/28/2025,11/30/2025,HMO,IP,163982.43
02/28/2025,11/30/2025,HMO,Non-IP,168861.85
02/28/2025,11/30/2025,PPO,IP,555127.30
02/28/2025,11/30/2025,PPO,Non-IP,308070.46
02/28/2025,12/31/2025,HMO,IP,192802.71
02/28/2025,12/31/2025,HMO,Non-IP,272702.38
02/28/2025,12/31/2025,PPO,IP,201442.12
02/28/2025,12/31/2025,PPO,Non-IP,230524.76
03/31/2025,03/31/2025,HMO,IP,450961.11
03/31/2025,03/31/2025,HMO,Non-IP,1270290.56
03/31/2025,03/31/2025,PPO,IP,94350.70
03/31/2025,03/31/2025,PPO,Non-IP,636209.14
03/31/2025,04/30/2025,HMO,IP,7032507.49
03/31/2025,04/30/2025,HMO,Non-IP,21509481.16
03/31/2025,04/30/2025,PPO,IP,4401770.91
03/31/2025,04/30/2025,PPO,Non-IP,10938093.16
03/31/2025,05/31/2025,HMO,IP,5422627.45
03/31/2025,05/31/2025,HMO,Non-IP,5089103.74
03/31/2025,05/31/2025,PPO,IP,4822757.07
03/31/2025,05/31/2025,PPO,Non-IP,5599558.52
03/31/2025,06/30/2025,HMO,IP,3805173.58
03/31/2025,06/30/2025,HMO,Non-IP,1477439.01
03/31/2025,06/30/2025,PPO,IP,2505240.76
03/31/2025,06/30/2025,PPO,Non-IP,2032965.43
03/31/2025,07/31/2025,HMO,IP,1588907.75
03/31/2025,07/31/2025,HMO,Non-IP,1077422.61
03/31/2025,07/31/2025,PPO,IP,840080.15
03/31/2025,07/31/2025,PPO,Non-IP,902872.38
03/31/2025,08/31/2025,HMO,IP,856936.90
03/31/2025,08/31/2025,HMO,Non-IP,245074.10
03/31/2025,08/31/2025,PPO,IP,680698.63
03/31/2025,08/31/2025,PPO,Non-IP,696999.57
03/31/2025,09/30/2025,HMO,IP,1141457.99
03/31/2025,09/30/2025,HMO,Non-IP,140646.25
03/31/2025,09/30/2025,PPO,IP,610307.11
03/31/2025,09/30/2025,PPO,Non-IP,345967.04
03/31/2025,10/31/2025,HMO,IP,171968.34
03/31/2025,10/31/2025,HMO,Non-IP,239596.94
03/31/2025,10/31/2025,PPO,IP,424553.04
03/31/2025,10/31/2025,PPO,Non-IP,986645.68
03/31/2025,11/30/2025,HMO,IP,406446.94
03/31/2025,11/30/2025,HMO,Non-IP,268380.21
03/31/2025,11/30/2025,PPO,IP,349282.17
03/31/2025,11/30/2025,PPO,Non-IP,73901.60
03/31/2025,12/31/2025,HMO,IP,90027.69
03/31/2025,12/31/2025,HMO,Non-IP,111789.15
03/31/2025,12/31/2025,PPO,IP,174792.35
03/31/2025,12/31/2025,PPO,Non-IP,105045.58
04/30/2025,04/30/2025,HMO,IP,1529476.59
04/30/2025,04/30/2025,HMO,Non-IP,2369722.81
04/30/2025,04/30/2025,PPO,IP,60705.34
04/30/2025,04/30/2025,PPO,Non-IP,977424.68
04/30/2025,05/31/2025,HMO,IP,6933332.66
04/30/2025,05/31/2025,HMO,Non-IP,19033806.99
04/30/2025,05/31/2025,PPO,IP,3955590.75
04/30/2025,05/31/2025,PPO,Non-IP,12017958.63
04/30/2025,06/30/2025,HMO,IP,5248958.84
04/30/2025,06/30/2025,HMO,Non-IP,6939397.97
04/30/2025,06/30/2025,PPO,IP,3292770.23
04/30/2025,06/30/2025,PPO,Non-IP,4540857.36
04/30/2025,07/31/2025,HMO,IP,2830394.41
04/30/2025,07/31/2025,HMO,Non-IP,556246.56
04/30/2025,07/31/2025,PPO,IP,2630792.23
04/30/2025,07/31/2025,PPO,Non-IP,2303236.64
04/30/2025,08/31/2025,HMO,IP,810560.93
04/30/2025,08/31/2025,HMO,Non-IP,950180.69
04/30/2025,08/31/2025,PPO,IP,1519331.33
04/30/2025,08/31/2025,PPO,Non-IP,1342474.44
04/30/2025,09/30/2025,HMO,IP,830667.28
04/30/2025,09/30/2025,HMO,Non-IP,748747.74
04/30/2025,09/30/2025,PPO,IP,988052.07
04/30/2025,09/30/2025,PPO,Non-IP,538671.10
04/30/2025,10/31/2025,HMO,IP,259683.06
04/30/2025,10/31/2025,HMO,Non-IP,160762.81
04/30/2025,10/31/2025,PPO,IP,1388712.84
04/30/2025,10/31/2025,PPO,Non-IP,303563.46
04/30/2025,11/30/2025,HMO,IP,660422.41
04/30/2025,11/30/2025,HMO,Non-IP,89736.23
04/30/2025,11/30/2025,PPO,IP,651763.69
04/30/2025,11/30/2025,PPO,Non-IP,335216.54
04/30/2025,12/31/2025,HMO,IP,457708.11
04/30/2025,12/31/2025,HMO,Non-IP,590879.17
04/30/2025,12/31/2025,PPO,IP,111975.62
04/30/2025,12/31/2025,PPO,Non-IP,111508.14
05/31/2025,05/31/2025,HMO,IP,1041915.04
05/31/2025,05/31/2025,HMO,Non-IP,3067863.66
05/31/2025,05/31/2025,PPO,IP,311803.15
05/31/2025,05/31/2025,PPO,Non-IP,1374232.43
05/31/2025,06/30/2025,HMO,IP,6569322.39
05/31/2025,06/30/2025,HMO,Non-IP,17529849.86
05/31/2025,06/30/2025,PPO,IP,3874177.16
05/31/2025,06/30/2025,PPO,Non-IP,9651785.92
05/31/2025,07/31/2025,HMO,IP,6368376.29
05/31/2025,07/31/2025,HMO,Non-IP,4193186.04
05/31/2025,07/31/2025,PPO,IP,3318035.98
05/31/2025,07/31/2025,PPO,Non-IP,4849017.03
05/31/2025,08/31/2025,HMO,IP,2257610.19
05/31/2025,08/31/2025,HMO,Non-IP,2020355.60
05/31/2025,08/31/2025,PPO,IP,2096955.77
05/31/2025,08/31/2025,PPO,Non-IP,2774339.73
05/31/2025,09/30/2025,HMO,IP,1654296.47
05/31/2025,09/30/2025,HMO,Non-IP,1097902.92
05/31/2025,09/30/2025,PPO,IP,1414568.61
05/31/2025,09/30/2025,PPO,Non-IP,320610.00
05/31/2025,10/31/2025,HMO,IP,697283.52
05/31/2025,10/31/2025,HMO,Non-IP,691062.07
05/31/2025,10/31/2025,PPO,IP,1104455.19
05/31/2025,10/31/2025,PPO,Non-IP,596764.58
05/31/2025,11/30/2025,HMO,IP,448356.48
05/31/2025,11/30/2025,HMO,Non-IP,320156.59
05/31/2025,11/30/2025,PPO,IP,393600.52
05/31/2025,11/30/2025,PPO,Non-IP,916113.32
05/31/2025,12/31/2025,HMO,IP,228728.03
05/31/2025,12/31/2025,HMO,Non-IP,387158.25
05/31/2025,12/31/2025,PPO,IP,697767.33
05/31/2025,12/31/2025,PPO,Non-IP,265884.59
06/30/2025,06/30/2025,HMO,IP,817284.35
06/30/2025,06/30/2025,HMO,Non-IP,2615266.26
06/30/2025,06/30/2025,PPO,IP,410678.72
06/30/2025,06/30/2025,PPO,Non-IP,534855.70
06/30/2025,07/31/2025,HMO,IP,5894028.05
06/30/2025,07/31/2025,HMO,Non-IP,17996980.96
06/30/2025,07/31/2025,PPO,IP,4800659.58
06/30/2025,07/31/2025,PPO,Non-IP,12085589.69
06/30/2025,08/31/2025,HMO,IP,5067929.35
06/30/2025,08/31/2025,HMO,Non-IP,5274197.02
06/30/2025,08/31/2025,PPO,IP,2568536.33
06/30/2025,08/31/2025,PPO,Non-IP,4116362.80
06/30/2025,09/30/2025,HMO,IP,3118313.08
06/30/2025,09/30/2025,HMO,Non-IP,1163866.01
06/30/2025,09/30/2025,PPO,IP,1998656.88
06/30/2025,09/30/2025,PPO,Non-IP,1487955.37
06/30/2025,10/31/2025,HMO,IP,2419172.36
06/30/2025,10/31/2025,HMO,Non-IP,741769.86
06/30/2025,10/31/2025,PPO,IP,858904.40
06/30/2025,10/31/2025,PPO,Non-IP,871938.45
06/30/2025,11/30/2025,HMO,IP,355973.52
06/30/2025,11/30/2025,HMO,Non-IP,759288.18
06/30/2025,11/30/2025,PPO,IP,870572.77
06/30/2025,11/30/2025,PPO,Non-IP,579659.37
06/30/2025,12/31/2025,HMO,IP,734298.88
06/30/2025,12/31/2025,HMO,Non-IP,92154.09
06/30/2025,12/31/2025,PPO,IP,734308.98
06/30/2025,12/31/2025,PPO,Non-IP,602220.78
07/31/2025,07/31/2025,HMO,IP,86501.13
07/31/2025,07/31/2025,HMO,Non-IP,1993254.98
07/31/2025,07/31/2025,PPO,IP,245001.33
07/31/2025,07/31/2025,PPO,Non-IP,534771.85
07/31/2025,08/31/2025,HMO,IP,8445922.81
07/31/2025,08/31/2025,HMO,Non-IP,17911380.61
07/31/2025,08/31/2025,PPO,IP,4794218.28
07/31/2025,08/31/2025,PPO,Non-IP,10483835.01
07/31/2025,09/30/2025,HMO,IP,4769482.24
07/31/2025,09/30/2025,HMO,Non-IP,4623078.26
07/31/2025,09/30/2025,PPO,IP,3867641.71
07/31/2025,09/30/2025,PPO,Non-IP,4584972.17
07/31/2025,10/31/2025,HMO,IP,3484467.37
07/31/2025,10/31/2025,HMO,Non-IP,2105603.39
07/31/2025,10/31/2025,PPO,IP,3139650.02
07/31/2025,10/31/2025,PPO,Non-IP,3271773.48
07/31/2025,11/30/2025,HMO,IP,1939212.41
07/31/2025,11/30/2025,HMO,Non-IP,897913.77
07/31/2025,11/30/2025,PPO,IP,1056351.34
07/31/2025,11/30/2025,PPO,Non-IP,1108418.56
07/31/2025,12/31/2025,HMO,IP,411226.71
07/31/2025,12/31/2025,HMO,Non-IP,852194.45
07/31/2025,12/31/2025,PPO,IP,440255.01
07/31/2025,12/31/2025,PPO,Non-IP,464627.85
08/31/2025,08/31/2025,HMO,IP,349903.61
08/31/2025,08/31/2025,HMO,Non-IP,1906574.92
08/31/2025,08/31/2025,PPO,IP,246787.20
08/31/2025,08/31/2025,PPO,Non-IP,690762.06
08/31/2025,09/30/2025,HMO,IP,7364551.99
08/31/2025,09/30/2025,HMO,Non-IP,18066791.99
08/31/2025,09/30/2025,PPO,IP,3595338.73
08/31/2025,09/30/2025,PPO,Non-IP,12866951.70
08/31/2025,10/31/2025,HMO,IP,6229641.30
08/31/2025,10/31/2025,HMO,Non-IP,6637171.16
08/31/2025,10/31/2025,PPO,IP,2900267.72
08/31/2025,10/31/2025,PPO,Non-IP,2766055.27
08/31/2025,11/30/2025,HMO,IP,2356076.82
08/31/2025,11/30/2025,HMO,Non-IP,1065392.03
08/31/2025,11/30/2025,PPO,IP,2118584.73
08/31/2025,11/30/2025,PPO,Non-IP,2270332.74
08/31/2025,12/31/2025,HMO,IP,2156162.31
08/31/2025,12/31/2025,HMO,Non-IP,675325.42
08/31/2025,12/31/2025,PPO,IP,1597757.22
08/31/2025,12/31/2025,PPO,Non-IP,1598930.91
09/30/2025,09/30/2025,HMO,IP,835717.14
09/30/2025,09/30/2025,HMO,Non-IP,3138813.25
09/30/2025,09/30/2025,PPO,IP,76958.29
09/30/2025,09/30/2025,PPO,Non-IP,1135358.75
09/30/2025,10/31/2025,HMO,IP,7812207.83
09/30/2025,10/31/2025,HMO,Non-IP,17564298.88
09/30/2025,10/31/2025,PPO,IP,4756967.31
09/30/2025,10/31/2025,PPO,Non-IP,12525786.21
09/30/2025,11/30/2025,HMO,IP,4334339.40
09/30/2025,11/30/2025,HMO,Non-IP,6401057.73
09/30/2025,11/30/2025,PPO,IP,3788239.00
09/30/2025,11/30/2025,PPO,Non-IP,4628845.34
09/30/2025,12/31/2025,HMO,IP,3545695.06
09/30/2025,12/31/2025,HMO,Non-IP,1363699.22
09/30/2025,12/31/2025,PPO,IP,2113824.86
09/30/2025,12/31/2025,PPO,Non-IP,1575470.12
10/31/2025,10/31/2025,HMO,IP,197456.24
10/31/2025,10/31/2025,HMO,Non-IP,3419846.15
10/31/2025,10/31/2025,PPO,IP,630166.55
10/31/2025,10/31/2025,PPO,Non-IP,1204821.44
10/31/2025,11/30/2025,HMO,IP,9612099.81
10/31/2025,11/30/2025,HMO,Non-IP,18648116.30
10/31/2025,11/30/2025,PPO,IP,6258091.65
10/31/2025,11/30/2025,PPO,Non-IP,13346569.55
10/31/2025,12/31/2025,HMO,IP,4967177.09
10/31/2025,12/31/2025,HMO,Non-IP,3674429.64
10/31/2025,12/31/2025,PPO,IP,3220379.40
10/31/2025,12/31/2025,PPO,Non-IP,4368880.87
11/30/2025,11/30/2025,HMO,IP,666458.70
11/30/2025,11/30/2025,HMO,Non-IP,1879648.60
11/30/2025,11/30/2025,PPO,IP,156851.50
11/30/2025,11/30/2025,PPO,Non-IP,2045058.68
11/30/2025,12/31/2025,HMO,IP,8255297.35
11/30/2025,12/31/2025,HMO,Non-IP,18750755.91
11/30/2025,12/31/2025,PPO,IP,5464480.96
11/30/2025,12/31/2025,PPO,Non-IP,9931222.36
12/31/2025,12/31/2025,HMO,IP,631825.96
12/31/2025,12/31/2025,HMO,Non-IP,1867670.74
12/31/2025,12/31/2025,PPO,IP,315527.59
12/31/2025,12/31/2025,PPO,Non-IP,1244831.22
